solver,N,N_ref,L1_rho
Warp WENO5-Z (f32),256,4096,0.03964471071958542
Warp WENO5-Z (f32),512,4096,0.008600624278187752
Warp WENO5-Z (f32),1024,4096,0.0068018087185919285
Warp WENO5-Z (f32),2048,4096,0.002524967771023512
