solver,N,L1_rho,L1_u,L1_p
"JaxFluids (WENO5-Z, f64)",512,0.0008519291802162887,0.0018743505896401875,0.0005999519002139604
Warp WENO5-Z (f32),512,0.0008718404840133342,0.0019042014201767366,0.0006598770974649325
