solver,N,throughput_Mcells
"JaxFluids (WENO5-Z, f64)",256,0.0019552386016156538
"JaxFluids (WENO5-Z, f64)",512,0.0038387938049734053
"JaxFluids (WENO5-Z, f64)",1024,0.026904966708446606
"JaxFluids (WENO5-Z, f64)",2048,0.05824646171484618
"JaxFluids (WENO5-Z, f64)",4096,0.11210705591866962
Warp WENO5-Z (f32),256,1.144439929234997
Warp WENO5-Z (f32),512,2.143647253387173
Warp WENO5-Z (f32),1024,3.7458891128543637
Warp WENO5-Z (f32),2048,7.09654817522056
Warp WENO5-Z (f32),4096,12.469181328337648
