solver,N,throughput_Mcells
"JaxFluids (WENO5-Z, f64)",256,0.011602332200922005
"JaxFluids (WENO5-Z, f64)",512,0.02417893057880935
"JaxFluids (WENO5-Z, f64)",1024,0.046971425098329266
"JaxFluids (WENO5-Z, f64)",2048,0.09478533346368184
"JaxFluids (WENO5-Z, f64)",4096,0.11386379176795457
Warp WENO5-Z (f32),256,0.7235832172477774
Warp WENO5-Z (f32),512,1.9177355808048804
Warp WENO5-Z (f32),1024,3.218797083819443
Warp WENO5-Z (f32),2048,7.460064183836644
Warp WENO5-Z (f32),4096,12.179735101309342
